{
  "timestamp": "2026-04-17T00:26:53.035333",
  "batch_size": 64,
  "effective_batch_size": 64,
  "lr": 0.0002,
  "epochs": 800,
  "T": 1000,
  "mixed_precision": true,
  "grad_accumulate_steps": 1,
  "num_data_dirs": 3,
  "residual_scale": 0.0013441168703138828
}